salary,sex,major
80000,M,Poly Sci
82000,F,Poly Sci
67000,F,Poly Sci
83000,F,Poly Sci
60000,M,Poly Sci
200000,M,Poly Sci
171424,M,Poly Sci
90000,F,Poly Sci
22000,F,Poly Sci
23000,F,Poly Sci
22000,F,Poly Sci
90000,M,Poly Sci
10000,M,Poly Sci
129000,M,Poly Sci
93000,F,Poly Sci
100000,M,Poly Sci
50000,M,Poly Sci
105000,M,Poly Sci
390000,F,Poly Sci
36864,F,Poly Sci
20000,F,Poly Sci
120000,F,Poly Sci
30000,M,Poly Sci
75000,M,Poly Sci
52000,F,Poly Sci
126000,M,Poly Sci
250000,M,Poly Sci
40000,F,Poly Sci
125000,M,Poly Sci
360000,F,Poly Sci
152000,M,Poly Sci
219000,M,Poly Sci
75000,M,Poly Sci
120000,M,Poly Sci
135000,F,Poly Sci
90000,F,Poly Sci
80000,M,Poly Sci
113000,F,Poly Sci
74000,M,Poly Sci
80000,M,Poly Sci
82000,F,Poly Sci
126483,F,Poly Sci
170000,F,Poly Sci
170000,M,Poly Sci
40000,M,Poly Sci
18000,M,Poly Sci
126000,F,Poly Sci
40000,F,Poly Sci
60000,M,Poly Sci
97000,M,Poly Sci
125000,M,Poly Sci
300000,M,Poly Sci
105000,M,Poly Sci
82653,F,Poly Sci
40000,F,Poly Sci
5000,M,Poly Sci
141000,M,Poly Sci
66000,F,Poly Sci
150000,M,Poly Sci
67000,F,Poly Sci
80000,M,Poly Sci
1027653,M,Poly Sci
110000,M,Poly Sci
87000,M,Poly Sci
61400,F,Poly Sci
20000,F,Poly Sci
124000,F,Poly Sci
130000,M,Poly Sci
350000,F,Poly Sci
68000,F,Poly Sci
90000,M,Poly Sci
75000,F,Poly Sci
72000,M,Poly Sci
149700,M,Poly Sci
115000,F,Poly Sci
80000,M,Poly Sci
40000,F,Poly Sci
40000,F,Poly Sci
65000,M,Poly Sci
50000,M,Poly Sci
87500,F,Poly Sci
350000,M,Poly Sci
47500,M,Poly Sci
64500,M,Poly Sci
380000,M,Poly Sci
185000,M,Poly Sci
1027653,M,Poly Sci
94000,F,Poly Sci
43780,M,Poly Sci
47000,M,Poly Sci
119000,F,Poly Sci
66000,M,Poly Sci
194000,F,Poly Sci
120000,M,Poly Sci
22000,F,Poly Sci
300000,F,Poly Sci
191000,M,Poly Sci
45000,F,Poly Sci
400000,M,Poly Sci
35000,M,Poly Sci
34000,F,Poly Sci
12000,M,Poly Sci
93000,F,Poly Sci
313000,F,Poly Sci
168500,M,Poly Sci
83200,M,Poly Sci
1027653,M,Poly Sci
132000,F,Poly Sci
112000,M,Poly Sci
180000,M,Poly Sci
50000,M,Poly Sci
90000,F,Poly Sci
300000,F,Poly Sci
110000,M,Poly Sci
57000,M,Poly Sci
55000,F,Poly Sci
42000,F,Poly Sci
185000,F,Poly Sci
76000,F,Poly Sci
3000,M,Poly Sci
140000,M,Poly Sci
90000,M,Poly Sci
110000,M,Poly Sci
60000,F,Poly Sci
125000,M,Poly Sci
41912,F,Poly Sci
60000,M,Poly Sci
52000,M,Poly Sci
200000,F,Poly Sci
73000,M,Poly Sci
60000,M,Poly Sci
81000,M,Poly Sci
240000,M,Poly Sci
100000,F,Poly Sci
61400,F,Poly Sci
16615,F,Poly Sci
115000,F,Poly Sci
87000,M,Poly Sci
37000,F,Poly Sci
200000,F,Poly Sci
20000,F,Poly Sci
120000,M,Poly Sci
80000,M,Poly Sci
61500,F,Poly Sci
140000,M,Poly Sci
52501,F,Poly Sci
6000,F,Poly Sci
62400,M,Poly Sci
26000,F,Poly Sci
120000,M,Poly Sci
161000,M,Poly Sci
250000,M,Poly Sci
110000,M,Poly Sci
67000,M,Poly Sci
58000,M,Poly Sci
19000,F,Poly Sci
45000,F,Poly Sci
100000,F,Poly Sci
100000,M,Poly Sci
160000,M,Poly Sci
127600,F,Poly Sci
172000,F,Poly Sci
150000,M,Poly Sci
170000,F,Poly Sci
250000,M,Poly Sci
250000,F,Poly Sci
140000,M,Poly Sci
112000,M,Poly Sci
95000,F,Poly Sci
96000,M,Poly Sci
80000,F,Poly Sci
200000,M,Poly Sci
70000,M,Poly Sci
65000,M,Poly Sci
62300,F,Poly Sci
12000,F,Poly Sci
112000,M,Poly Sci
9000,F,Poly Sci
51000,F,Poly Sci
0,M,Poly Sci
55380,M,Poly Sci
53248,F,Poly Sci
40000,M,Poly Sci
70000,F,Poly Sci
80000,M,Poly Sci
78000,F,Poly Sci
110000,M,Poly Sci
161900,F,Poly Sci
86000,F,Poly Sci
34800,F,Poly Sci
250000,F,Poly Sci
90468,M,Poly Sci
80000,F,Poly Sci
43000,F,Poly Sci
75218,F,Poly Sci
103000,M,Poly Sci
70000,M,Poly Sci
108000,M,Poly Sci
36100,M,Poly Sci
100000,M,Poly Sci
132000,M,Poly Sci
130000,M,Poly Sci
70000,M,Poly Sci
73000,F,Poly Sci
80000,M,Poly Sci
114000,M,Poly Sci
272000,M,Poly Sci
74600,F,Poly Sci
80000,M,Poly Sci
69204,F,Poly Sci
59000,F,Poly Sci
85000,M,Poly Sci
15000,F,Poly Sci
60000,F,Poly Sci
52000,M,Poly Sci
45000,M,Poly Sci
66000,M,Poly Sci
37800,M,Poly Sci
88000,F,Poly Sci
99000,F,Poly Sci
75500,M,Poly Sci
180000,F,Poly Sci
180000,F,Poly Sci
150000,M,Poly Sci
50000,M,Poly Sci
25000,M,Poly Sci
25000,F,Poly Sci
155000,M,Poly Sci
150000,F,Poly Sci
84000,M,Poly Sci
60000,M,Poly Sci
50000,M,Poly Sci
12000,M,Poly Sci
6696,F,Poly Sci
130000,F,Poly Sci
117000,M,Poly Sci
157000,M,Poly Sci
60000,M,Poly Sci
95000,M,Poly Sci
77000,M,Poly Sci
150000,F,Poly Sci
50000,F,Poly Sci
82000,M,Poly Sci
350000,M,Poly Sci
1027653,F,Poly Sci
300000,M,Poly Sci
105000,M,Poly Sci
19900,M,Poly Sci
295000,M,Poly Sci
80000,F,Poly Sci
1027653,M,Poly Sci
202000,M,Poly Sci
12000,M,Poly Sci
250000,M,Poly Sci
88033,M,Poly Sci
0,M,Poly Sci
2500,F,Poly Sci
132000,F,Poly Sci
7200,M,Poly Sci
100050,M,Poly Sci
100000,M,Poly Sci
1027653,F,Poly Sci
67000,F,Poly Sci
56000,M,Poly Sci
70000,F,Poly Sci
63000,M,Poly Sci
94000,F,Poly Sci
98000,M,Poly Sci
39000,M,Poly Sci
250000,M,Poly Sci
45000,M,Poly Sci
16789,F,Poly Sci
67000,F,Poly Sci
84917,M,Poly Sci
75000,M,Poly Sci
158000,F,Poly Sci
103,M,Poly Sci
200000,M,Poly Sci
100000,F,Poly Sci
107000,F,Poly Sci
100000,M,Poly Sci
140000,M,Poly Sci
39000,M,Poly Sci
211000,F,Poly Sci
307000,M,Poly Sci
67000,F,Poly Sci
120000,M,Poly Sci
110000,F,Poly Sci
163000,F,Poly Sci
16000,M,Poly Sci
43000,M,Poly Sci
97552,M,Poly Sci
80000,F,Poly Sci
60000,M,Poly Sci
56000,M,Poly Sci
1000,F,Poly Sci
1027653,M,Poly Sci
1027653,M,Poly Sci
20000,F,Poly Sci
47454,F,Poly Sci
350000,M,Poly Sci
72000,M,Poly Sci
110000,F,Poly Sci
86000,M,Poly Sci
25000,M,Poly Sci
51000,F,Poly Sci
61000,F,Poly Sci
87000,M,Poly Sci
180000,F,Poly Sci
124126,F,Poly Sci
109000,F,Poly Sci
250000,F,Poly Sci
84000,M,Poly Sci
238000,M,Poly Sci
35000,M,Poly Sci
1027653,M,Poly Sci
292000,M,Poly Sci
205000,M,Poly Sci
125000,F,Poly Sci
36190,F,Poly Sci
115000,M,Poly Sci
180000,M,Poly Sci
50000,M,Poly Sci
75000,M,Poly Sci
60000,M,Poly Sci
35000,F,Poly Sci
37000,F,Poly Sci
103000,M,Poly Sci
290000,M,Poly Sci
100000,F,Poly Sci
106822,M,Poly Sci
1750,M,Poly Sci
85000,M,Poly Sci
48000,F,Poly Sci
130000,M,Poly Sci
62000,F,Poly Sci
83000,F,Poly Sci
80000,F,Poly Sci
68367,F,Poly Sci
55000,M,Poly Sci
78467,M,Poly Sci
19500,F,Poly Sci
98680,F,Poly Sci
3000,M,Poly Sci
60000,M,Poly Sci
140000,F,Poly Sci
42000,F,Poly Sci
135000,F,Poly Sci
168000,F,Poly Sci
142000,F,Poly Sci
93000,F,Poly Sci
90000,M,Poly Sci
48690,F,Poly Sci
125000,M,Poly Sci
150000,M,Poly Sci
75000,M,Poly Sci
93912,F,Poly Sci
137000,M,Poly Sci
135000,F,Poly Sci
16000,F,Poly Sci
76000,F,Poly Sci
100000,M,Poly Sci
32316,F,Poly Sci
100000,M,Poly Sci
21000,F,Poly Sci
41000,F,Poly Sci
100000,F,Poly Sci
180000,M,Poly Sci
78000,M,Poly Sci
63000,M,Poly Sci
140000,M,Poly Sci
25000,F,Poly Sci
24000,F,Poly Sci
45000,M,Poly Sci
142000,M,Poly Sci
190000,M,Poly Sci
58000,F,Poly Sci
63000,M,Poly Sci
87000,F,Poly Sci
1027653,M,Poly Sci
32000,F,Poly Sci
25000,F,Poly Sci
150000,M,Poly Sci
97000,M,Poly Sci
144000,F,Poly Sci
11000,F,Poly Sci
180000,F,Poly Sci
37000,M,Poly Sci
120000,M,Poly Sci
94000,M,Poly Sci
16000,F,Poly Sci
8000,F,Poly Sci
80000,F,Poly Sci
103000,F,Poly Sci
350000,M,Poly Sci
350000,M,Poly Sci
150000,F,Poly Sci
80000,F,Poly Sci
68000,M,Poly Sci
50000,F,Poly Sci
200000,M,Poly Sci
100000,M,Poly Sci
60000,F,Poly Sci
123000,M,Poly Sci
60000,M,Poly Sci
45000,M,Poly Sci
22500,F,Poly Sci
200000,M,Poly Sci
60000,F,Poly Sci
0,M,Poly Sci
110000,F,Poly Sci
1027653,M,Poly Sci
70000,F,Poly Sci
50000,M,Poly Sci
105000,M,Poly Sci
63000,F,Poly Sci
16337,M,Poly Sci
153700,M,Poly Sci
133000,M,Poly Sci
101000,M,Poly Sci
85000,M,Poly Sci
28000,F,Poly Sci
101000,F,Poly Sci
78000,F,Poly Sci
105809,F,Poly Sci
42000,F,Poly Sci
300000,M,Poly Sci
250000,F,Poly Sci
1125,F,Poly Sci
175000,M,Poly Sci
58000,M,Poly Sci
150000,M,Poly Sci
60000,M,Poly Sci
175000,F,Poly Sci
250000,F,Poly Sci
81792,F,Poly Sci
150000,M,Poly Sci
9500,M,Poly Sci
24000,F,Poly Sci
105000,M,Poly Sci
150000,F,Poly Sci
139000,F,Poly Sci
131767,F,Poly Sci
168000,F,Poly Sci
250000,M,Poly Sci
135000,M,Poly Sci
65000,M,Poly Sci
65000,M,Poly Sci
80000,F,Poly Sci
135371,F,Poly Sci
83000,M,Poly Sci
70000,F,Poly Sci
99000,F,Poly Sci
109000,F,Poly Sci
12000,M,Poly Sci
97000,F,Poly Sci
15000,F,Poly Sci
235000,F,Poly Sci
154000,F,Poly Sci
167000,M,Poly Sci
128000,M,Poly Sci
1027653,F,Poly Sci
185000,M,Poly Sci
51000,F,Poly Sci
3000,M,Poly Sci
275000,M,Poly Sci
120000,M,Poly Sci
50000,F,Poly Sci
131000,F,Poly Sci
1027653,F,Poly Sci
7680,M,Poly Sci
52000,F,Poly Sci
76200,M,Poly Sci
135000,M,Poly Sci
101004,F,Poly Sci
60000,M,Poly Sci
20000,F,Poly Sci
80000,F,Poly Sci
156000,M,Poly Sci
63000,M,Poly Sci
172000,M,Poly Sci
100000,M,Poly Sci
59600,M,Poly Sci
66000,M,Poly Sci
52000,M,Poly Sci
192000,M,Poly Sci
90000,F,Poly Sci
158000,M,Poly Sci
42000,F,Poly Sci
49000,F,Poly Sci
250000,M,Poly Sci
3000,M,Poly Sci
49000,M,Poly Sci
50000,F,Poly Sci
100000,M,Poly Sci
57000,F,Poly Sci
75000,F,Poly Sci
135000,M,Poly Sci
90000,M,Poly Sci
200000,M,Poly Sci
80000,F,Poly Sci
250000,F,Poly Sci
100000,M,Poly Sci
0,F,Poly Sci
110000,M,Poly Sci
56000,F,Poly Sci
1027653,M,Poly Sci
80000,F,Poly Sci
12000,F,Poly Sci
100000,M,Poly Sci
143000,M,Poly Sci
340000,M,Poly Sci
120000,M,Poly Sci
250000,M,Poly Sci
75000,M,Poly Sci
74000,M,Poly Sci
42000,F,Poly Sci
38000,F,Poly Sci
131000,F,Poly Sci
62000,F,Poly Sci
151400,M,Poly Sci
188000,M,Poly Sci
98000,M,Poly Sci
85000,F,Poly Sci
71800,F,Poly Sci
82000,M,Poly Sci
95000,F,Poly Sci
90000,M,Poly Sci
200000,M,Poly Sci
36000,M,Poly Sci
33000,F,Poly Sci
2000,M,Poly Sci
74000,M,Poly Sci
33000,M,Poly Sci
72000,M,Poly Sci
110000,M,Poly Sci
140000,F,Poly Sci
87200,M,Poly Sci
46000,F,Poly Sci
300000,M,Poly Sci
71000,M,Poly Sci
97000,F,Poly Sci
64010,F,Poly Sci
120000,M,Poly Sci
59000,F,Poly Sci
49000,F,Poly Sci
35000,M,Poly Sci
90000,M,Poly Sci
120000,F,Poly Sci
120000,F,Poly Sci
200000,F,Poly Sci
100000,M,Poly Sci
138754,M,Poly Sci
105000,M,Poly Sci
56000,M,Poly Sci
120000,M,Poly Sci
165000,M,Poly Sci
32000,F,Poly Sci
200000,M,Poly Sci
65000,M,Poly Sci
117500,M,Poly Sci
125000,F,Poly Sci
72000,F,Poly Sci
47000,F,Poly Sci
108000,M,Poly Sci
55000,M,Poly Sci
140000,M,Poly Sci
73000,M,Poly Sci
100000,M,Poly Sci
88600,M,Poly Sci
80580,F,Poly Sci
52000,F,Poly Sci
43000,M,Poly Sci
100000,F,Poly Sci
24731,M,Poly Sci
61000,M,Poly Sci
70000,M,Poly Sci
45000,M,Poly Sci
125000,M,Poly Sci
120000,F,Poly Sci
40000,M,Poly Sci
129000,F,Poly Sci
41000,F,Poly Sci
150000,M,Poly Sci
75000,M,Poly Sci
48000,F,Poly Sci
81600,F,Poly Sci
60000,F,Poly Sci
16000,M,Poly Sci
185000,F,Poly Sci
65000,F,Poly Sci
52000,M,Poly Sci
64000,M,Poly Sci
53000,F,Poly Sci
63900,M,Poly Sci
160000,F,Poly Sci
50000,F,Poly Sci
30000,M,Poly Sci
60000,F,Poly Sci
150000,M,Poly Sci
43000,M,Poly Sci
25000,F,Poly Sci
52500,F,Poly Sci
98000,M,Poly Sci
43000,F,Poly Sci
48054,M,Poly Sci
98000,F,Poly Sci
185000,M,Poly Sci
40000,F,Poly Sci
60000,M,Poly Sci
18500,M,Poly Sci
77431,F,Poly Sci
97000,M,Poly Sci
71200,F,Poly Sci
65000,M,Poly Sci
50000,M,Poly Sci
80000,F,Poly Sci
70000,M,Poly Sci
75000,F,Poly Sci
39261,F,Poly Sci
130000,F,Poly Sci
100000,F,Poly Sci
205000,M,Poly Sci
64000,M,Poly Sci
72000,M,Poly Sci
95000,M,Poly Sci
65000,F,Poly Sci
150000,M,Poly Sci
75000,M,Poly Sci
40000,F,Poly Sci
210000,M,Poly Sci
85000,M,Poly Sci
56500,M,Poly Sci
75000,M,Poly Sci
75000,M,Poly Sci
250000,M,Poly Sci
307584,M,Poly Sci
40000,F,Poly Sci
82000,M,Poly Sci
260000,M,Poly Sci
18000,F,Poly Sci
175000,M,Poly Sci
31000,M,Poly Sci
152000,M,Poly Sci
19500,M,Poly Sci
67000,M,Poly Sci
107500,F,Poly Sci
33000,F,Poly Sci
250000,M,Poly Sci
130000,M,Poly Sci
82000,F,Poly Sci
80000,M,Poly Sci
141000,F,Poly Sci
150000,M,Poly Sci
91000,F,Poly Sci
100000,F,Poly Sci
100000,M,Poly Sci
100000,M,Poly Sci
150000,M,Poly Sci
41808,M,Poly Sci
125000,M,Poly Sci
269000,M,Poly Sci
77000,M,Poly Sci
54000,M,Poly Sci
150000,M,Poly Sci
50284,M,Poly Sci
10000,F,Poly Sci
112000,M,Poly Sci
100000,F,Poly Sci
100000,M,Poly Sci
38000,F,Poly Sci
5000,M,Poly Sci
24000,F,Poly Sci
70000,F,Poly Sci
68300,F,Poly Sci
104000,F,Poly Sci
76200,F,Poly Sci
103800,M,Poly Sci
64000,F,Poly Sci
38000,F,Poly Sci
73000,M,Poly Sci
140000,M,Poly Sci
35000,F,Poly Sci
87000,M,Poly Sci
10000,M,Poly Sci
85000,F,Poly Sci
140000,M,Poly Sci
72500,M,Poly Sci
93000,M,Poly Sci
52000,F,Poly Sci
62608,F,Poly Sci
66000,M,Poly Sci
40000,M,Poly Sci
82400,F,Poly Sci
81000,M,Poly Sci
60000,M,Poly Sci
76500,M,Poly Sci
39000,F,Poly Sci
90000,M,Poly Sci
60000,M,Poly Sci
31000,F,Poly Sci
70000,F,Poly Sci
4000,F,Poly Sci
104000,F,Poly Sci
11000,F,Poly Sci
118000,M,Poly Sci
195000,M,Poly Sci
165000,M,Poly Sci
112500,M,Poly Sci
180000,M,Poly Sci
67000,M,Poly Sci
13815,F,Poly Sci
192000,M,Poly Sci
185000,F,Poly Sci
20000,M,Poly Sci
200000,M,Poly Sci
110000,F,Poly Sci
55000,F,Poly Sci
80000,M,Poly Sci
60000,F,Poly Sci
89000,M,Poly Sci
12300,M,Poly Sci
109000,F,Poly Sci
38000,F,Poly Sci
59862,M,Poly Sci
138000,F,Poly Sci
170000,M,Poly Sci
65000,M,Poly Sci
47500,M,Poly Sci
70000,F,Poly Sci
82000,M,Poly Sci
135000,F,Poly Sci
1027653,M,Poly Sci
1027653,M,Poly Sci
90000,M,Poly Sci
210000,M,Poly Sci
124,M,Poly Sci
100000,F,Poly Sci
73000,F,Poly Sci
120000,M,Poly Sci
150000,F,Poly Sci
72100,F,Poly Sci
100000,M,Poly Sci
84000,F,Poly Sci
90000,M,Poly Sci
75000,M,Poly Sci
48000,F,Poly Sci
60000,M,Poly Sci
60000,F,Poly Sci
170000,M,Poly Sci
61500,F,Poly Sci
75000,M,Poly Sci
180000,M,Poly Sci
75000,M,Poly Sci
105000,M,Poly Sci
70000,M,Poly Sci
18000,F,Poly Sci
69987,M,Poly Sci
195000,M,Poly Sci
120000,M,Poly Sci
50000,M,Poly Sci
72000,M,Poly Sci
30000,M,Poly Sci
85000,M,Poly Sci
49000,M,Poly Sci
215000,M,Poly Sci
79720,M,Poly Sci
8000,F,Poly Sci
192000,M,Poly Sci
132000,F,Poly Sci
42000,F,Poly Sci
100000,M,Poly Sci
60000,F,Poly Sci
130000,M,Poly Sci
72151,M,Poly Sci
99000,F,Poly Sci
70000,M,Poly Sci
350000,M,Poly Sci
195000,M,Poly Sci
89000,M,Poly Sci
86000,F,Poly Sci
100000,F,Poly Sci
155000,F,Poly Sci
84000,F,Poly Sci
110000,M,Poly Sci
300000,M,Poly Sci
62500,F,Poly Sci
130000,M,Poly Sci
250000,M,Poly Sci
105000,F,Poly Sci
50000,F,Poly Sci
55000,M,Poly Sci
225000,M,Poly Sci
95000,F,Poly Sci
110000,M,Poly Sci
100000,M,Poly Sci
123000,M,Poly Sci
67000,M,Poly Sci
76000,M,Poly Sci
35000,F,Poly Sci
44500,F,Poly Sci
48000,F,Poly Sci
190000,M,Poly Sci
85000,M,Poly Sci
400000,M,Poly Sci
105000,M,Poly Sci
110000,M,Poly Sci
56000,F,Poly Sci
130000,M,Poly Sci
88000,M,Poly Sci
85000,M,Poly Sci
50000,M,Poly Sci
107000,F,Poly Sci
149000,F,Poly Sci
156000,F,Poly Sci
52000,M,Poly Sci
90000,M,Poly Sci
73500,M,Poly Sci
60000,M,Poly Sci
32000,M,Poly Sci
80000,M,Poly Sci
108000,M,Poly Sci
90000,F,Poly Sci
110000,F,Poly Sci
140000,M,Poly Sci
58000,F,Poly Sci
155000,F,Poly Sci
130000,F,Poly Sci
56000,M,Poly Sci
12000,F,Poly Sci
125000,F,Poly Sci
45000,M,Poly Sci
71000,M,Poly Sci
38000,F,Poly Sci
53000,F,Poly Sci
155000,M,Poly Sci
94000,F,Poly Sci
60000,M,Poly Sci
77000,F,Poly Sci
70000,M,Poly Sci
64000,F,Poly Sci
68000,F,Poly Sci
68000,M,Poly Sci
68000,F,Poly Sci
60000,M,Poly Sci
120000,M,Poly Sci
29700,M,Poly Sci
300000,M,Poly Sci
140000,M,Poly Sci
64000,M,Poly Sci
160000,M,Poly Sci
93000,F,Poly Sci
120000,M,Poly Sci
17000,M,Poly Sci
84250,M,Poly Sci
140000,M,Poly Sci
25000,M,Poly Sci
101000,M,Poly Sci
80000,F,Poly Sci
77000,M,Poly Sci
68995,F,Poly Sci
119000,F,Poly Sci
77900,F,Poly Sci
68000,F,Poly Sci
100000,M,Poly Sci
86000,M,Poly Sci
166000,F,Poly Sci
90000,F,Poly Sci
101116,M,Poly Sci
73000,M,Poly Sci
74000,F,Poly Sci
250000,M,Poly Sci
40000,F,Poly Sci
70000,M,Poly Sci
54000,F,Poly Sci
45000,M,Poly Sci
60000,F,Poly Sci
225000,F,Poly Sci
187000,M,Poly Sci
52625,F,Poly Sci
55372,F,Poly Sci
149000,F,Poly Sci
121500,F,Poly Sci
106756,F,Poly Sci
100000,F,Poly Sci
43970,F,Poly Sci
21000,M,Poly Sci
44000,M,Poly Sci
60000,M,Poly Sci
210000,M,Poly Sci
315000,M,Poly Sci
57000,M,Poly Sci
30000,M,Poly Sci
24000,M,Poly Sci
62000,M,Poly Sci
85000,M,Poly Sci
5000,M,Poly Sci
41000,M,Poly Sci
106000,F,Poly Sci
78000,F,Poly Sci
10000,M,Poly Sci
127000,F,Poly Sci
192000,M,Poly Sci
24960,M,Poly Sci
62500,F,Poly Sci
1027653,M,Poly Sci
47500,F,Poly Sci
7500,M,Poly Sci
106000,F,Poly Sci
350000,M,Poly Sci
20000,F,Poly Sci
75000,F,Poly Sci
120000,F,Poly Sci
100000,F,Poly Sci
160000,M,Poly Sci
167000,M,Poly Sci
62999,F,Poly Sci
120000,M,Poly Sci
200000,M,Poly Sci
48000,F,Poly Sci
228911,M,Poly Sci
160000,M,Poly Sci
37297,M,Poly Sci
120000,M,Poly Sci
135000,M,Poly Sci
26000,M,Poly Sci
60000,M,Poly Sci
108000,F,Poly Sci
111000,M,Poly Sci
100000,M,Poly Sci
40000,M,Poly Sci
175000,M,Poly Sci
47000,F,Poly Sci
67000,F,Poly Sci
70000,M,Poly Sci
200000,M,Poly Sci
92000,M,Poly Sci
185000,M,Poly Sci
98000,F,Poly Sci
60000,M,Poly Sci
75000,F,Poly Sci
55000,M,Poly Sci
56000,M,Poly Sci
87000,F,Poly Sci
52000,F,Poly Sci
105000,F,Poly Sci
15000,F,Poly Sci
800,F,Poly Sci
135000,M,Poly Sci
102000,M,Poly Sci
50000,M,Poly Sci
200000,M,Poly Sci
115900,F,Poly Sci
60000,M,Poly Sci
117000,M,Poly Sci
150000,F,Poly Sci
77000,F,Poly Sci
10000,F,Poly Sci
43000,F,Poly Sci
90000,M,Poly Sci
85000,F,Poly Sci
50000,M,Poly Sci
100000,M,Poly Sci
143000,F,Poly Sci
120000,M,Poly Sci
0,M,Poly Sci
51200,F,Poly Sci
107211,M,Poly Sci
50000,F,Poly Sci
84000,F,Poly Sci
95000,F,Poly Sci
103000,M,Poly Sci
25000,M,Poly Sci
115000,M,Poly Sci
47000,M,Poly Sci
55000,M,Poly Sci
67000,M,Poly Sci
100000,M,Poly Sci
57125,F,Poly Sci
77000,M,Poly Sci
110000,M,Poly Sci
95000,M,Poly Sci
250000,F,Poly Sci
120000,M,Poly Sci
350000,M,Poly Sci
1027653,M,Poly Sci
50000,M,Poly Sci
120600,F,Poly Sci
117000,M,Poly Sci
147119,M,Poly Sci
50000,F,Poly Sci
57564,M,Poly Sci
104000,M,Poly Sci
120000,M,Poly Sci
59000,F,Poly Sci
10000,F,Poly Sci
60000,F,Poly Sci
74500,F,Poly Sci
185000,M,Poly Sci
83000,M,Poly Sci
120000,M,Poly Sci
57000,M,Poly Sci
125000,M,Poly Sci
62000,M,Poly Sci
51000,F,Poly Sci
55000,F,Poly Sci
375000,F,Poly Sci
145000,M,Poly Sci
157000,M,Poly Sci
13000,M,Poly Sci
80000,M,Poly Sci
101000,M,Poly Sci
65000,M,Poly Sci
90000,F,Poly Sci
80340,F,Poly Sci
27000,M,Poly Sci
80000,F,Poly Sci
100000,M,Poly Sci
95000,F,Poly Sci
190000,F,Poly Sci
117000,F,Poly Sci
39000,F,Poly Sci
43000,M,Poly Sci
85000,M,Poly Sci
153822,F,Poly Sci
40000,M,Poly Sci
78000,F,Poly Sci
250000,M,Poly Sci
40000,F,Poly Sci
275000,M,Poly Sci
62000,F,Poly Sci
80000,M,Poly Sci
50000,M,Poly Sci
50000,F,Poly Sci
50000,M,Poly Sci
200000,M,Poly Sci
25000,M,Poly Sci
14300,F,Poly Sci
65000,F,Poly Sci
120000,M,Poly Sci
41000,M,Poly Sci
5400,M,Poly Sci
154000,M,Poly Sci
84000,F,Poly Sci
119489,F,Poly Sci
98000,F,Poly Sci
57000,F,Poly Sci
50000,F,Poly Sci
72000,M,Poly Sci
16000,M,Poly Sci
49000,F,Poly Sci
85500,M,Poly Sci
100000,M,Poly Sci
60000,M,Poly Sci
165000,F,Poly Sci
100000,F,Poly Sci
5000,F,Poly Sci
55500,F,Poly Sci
10000,M,Poly Sci
85000,M,Poly Sci
32000,F,Poly Sci
5000,F,Poly Sci
14500,F,Poly Sci
70000,M,Poly Sci
50000,F,Poly Sci
325000,M,Poly Sci
32000,M,Poly Sci
165000,F,Poly Sci
66000,M,Poly Sci
190000,F,Poly Sci
85000,M,Poly Sci
42000,M,Poly Sci
90000,M,Poly Sci
40000,F,Poly Sci
75000,M,Poly Sci
108000,M,Poly Sci
43000,F,Poly Sci
160200,F,Poly Sci
72000,F,Poly Sci
130000,F,Poly Sci
110000,F,Poly Sci
75000,M,Poly Sci
145000,M,Poly Sci
82000,F,Poly Sci
146000,M,Poly Sci
20000,M,Poly Sci
57680,M,Poly Sci
83000,M,Poly Sci
36000,F,Poly Sci
100000,F,Poly Sci
69000,M,Poly Sci
108000,F,Poly Sci
125000,F,Poly Sci
70000,M,Poly Sci
80000,M,Poly Sci
784,F,Poly Sci
330000,M,Poly Sci
103000,M,Poly Sci
100000,M,Poly Sci
102000,M,Poly Sci
30000,M,Poly Sci
20000,F,Poly Sci
30000,M,Poly Sci
26000,F,Poly Sci
58800,F,Poly Sci
145000,M,Poly Sci
300000,M,Poly Sci
42000,F,Poly Sci
30000,F,Poly Sci
35000,F,Poly Sci
211000,M,Poly Sci
51000,M,Poly Sci
78000,M,Poly Sci
106000,F,Poly Sci
100000,F,Poly Sci
300000,M,Poly Sci
250000,M,Poly Sci
51200,F,Poly Sci
47000,M,Poly Sci
73000,M,Poly Sci
36000,M,Poly Sci
140000,F,Poly Sci
150000,M,Poly Sci
140000,F,Poly Sci
122000,M,Poly Sci
44400,M,Poly Sci
93000,M,Poly Sci
45000,F,Poly Sci
55000,M,Poly Sci
70000,F,Poly Sci
42300,F,Poly Sci
100000,M,Poly Sci
68000,F,Poly Sci
95000,F,Poly Sci
55000,M,Poly Sci
239000,M,Poly Sci
136786,M,Poly Sci
70000,F,Poly Sci
0,F,Poly Sci
200000,F,Poly Sci
105000,M,Poly Sci
108000,F,Poly Sci
120000,F,Poly Sci
32000,F,Poly Sci
41000,F,Poly Sci
35000,M,Poly Sci
75000,F,Poly Sci
48000,F,Poly Sci
12000,F,Poly Sci
36000,M,Poly Sci
100000,M,Poly Sci
65000,F,Poly Sci
60000,M,Poly Sci
75000,F,Poly Sci
60000,M,Poly Sci
13000,M,Poly Sci
24000,M,Poly Sci
79800,M,Poly Sci
125000,F,Poly Sci
62000,M,Poly Sci
45000,M,Poly Sci
100000,F,Poly Sci
43000,F,Poly Sci
42000,F,Poly Sci
70000,M,Poly Sci
57800,M,Poly Sci
52000,F,Poly Sci
100000,M,Poly Sci
80000,F,Poly Sci
73000,F,Poly Sci
124000,M,Poly Sci
109000,M,Poly Sci
240000,F,Poly Sci
61000,F,Poly Sci
405000,M,Poly Sci
58000,F,Poly Sci
65000,M,Poly Sci
42000,F,Poly Sci
57353,M,Poly Sci
79000,F,Poly Sci
167000,M,Poly Sci
64800,M,Poly Sci
50000,M,Poly Sci
144000,M,Poly Sci
79547,F,Poly Sci
70000,M,Poly Sci
72000,M,Poly Sci
5000,F,Poly Sci
16198,F,Poly Sci
120000,M,Poly Sci
101000,M,Poly Sci
75000,M,Poly Sci
56000,M,Poly Sci
60000,M,Poly Sci
101000,M,Poly Sci
51000,F,Poly Sci
88000,M,Poly Sci
50000,M,Poly Sci
30000,F,Poly Sci
7000,F,Poly Sci
93000,M,Poly Sci
13500,M,Poly Sci
102000,F,Poly Sci
90000,M,Poly Sci
97500,M,Poly Sci
35000,M,Poly Sci
91469,F,Poly Sci
32000,F,Poly Sci
115000,M,Poly Sci
61000,F,Poly Sci
84197,M,Poly Sci
172000,M,Poly Sci
71000,F,Poly Sci
64980,M,Poly Sci
30000,F,Poly Sci
70000,F,Poly Sci
150000,M,Poly Sci
110000,M,Poly Sci
85000,F,Poly Sci
78000,M,Poly Sci
170000,M,Poly Sci
15000,M,Poly Sci
100000,F,Poly Sci
152000,F,Poly Sci
40000,F,Poly Sci
66600,F,Poly Sci
43000,M,Poly Sci
66400,M,Poly Sci
135000,M,Poly Sci
3200,F,Poly Sci
50000,M,Poly Sci
100000,F,Poly Sci
92000,F,Poly Sci
70000,M,Poly Sci
72200,F,Poly Sci
59000,M,Poly Sci
76000,F,Poly Sci
61000,M,Poly Sci
104000,M,Poly Sci
40000,M,Poly Sci
70000,M,Poly Sci
50000,F,Poly Sci
70000,M,Poly Sci
90000,F,Poly Sci
36000,M,Poly Sci
80000,F,Poly Sci
90000,M,Poly Sci
72000,F,Poly Sci
126000,M,Poly Sci
47120,F,Poly Sci
20000,F,Poly Sci
91900,F,Poly Sci
7000,M,Poly Sci
60000,F,Poly Sci
85900,F,Poly Sci
90000,M,Poly Sci
45000,M,Poly Sci
125000,M,Poly Sci
5000,F,Poly Sci
155000,M,Poly Sci
105000,M,Poly Sci
40000,M,Poly Sci
125000,M,Poly Sci
50000,F,Poly Sci
13000,F,Poly Sci
100000,F,Poly Sci
31000,F,Poly Sci
150000,M,Poly Sci
163000,M,Poly Sci
230000,M,Poly Sci
140000,M,Poly Sci
125000,F,Poly Sci
109000,F,Poly Sci
60000,M,Poly Sci
104000,M,Poly Sci
52000,M,Poly Sci
155000,M,Poly Sci
113000,M,Poly Sci
92000,F,Poly Sci
55000,M,Poly Sci
30000,F,Poly Sci
4800,F,Poly Sci
350000,M,Poly Sci
16000,F,Poly Sci
95000,F,Poly Sci
242000,F,Poly Sci
75000,F,Poly Sci
80000,M,Poly Sci
23000,F,Poly Sci
55000,M,Poly Sci
158200,M,Poly Sci
86000,F,Poly Sci
185000,M,Poly Sci
91000,F,Poly Sci
150000,M,Poly Sci
84500,M,Poly Sci
38480,F,Poly Sci
41304,F,Poly Sci
72500,M,Poly Sci
150000,M,Poly Sci
245000,M,Poly Sci
400000,M,Poly Sci
76000,M,Poly Sci
10000,M,Poly Sci
60000,M,Poly Sci
190000,M,Poly Sci
55000,M,Poly Sci
37000,F,Poly Sci
58000,M,Poly Sci
174000,M,Poly Sci
100000,M,Poly Sci
62000,M,Poly Sci
22000,F,Poly Sci
40000,M,Poly Sci
25000,M,Poly Sci
45000,M,Poly Sci
106000,M,Poly Sci
65500,M,Poly Sci
181500,M,Poly Sci
75000,F,Poly Sci
130000,M,Poly Sci
171000,F,Poly Sci
67500,F,Poly Sci
30000,M,Poly Sci
90000,F,Poly Sci
56000,F,Poly Sci
320000,M,Poly Sci
33500,M,Poly Sci
50000,M,Poly Sci
50000,M,Poly Sci
1027653,M,Poly Sci
135000,F,Poly Sci
70000,M,Poly Sci
42796,M,Poly Sci
22000,F,Poly Sci
74000,M,Poly Sci
75000,F,Poly Sci
76000,M,Poly Sci
200000,M,Poly Sci
40000,M,Poly Sci
220000,F,Poly Sci
150000,M,Poly Sci
58000,F,Poly Sci
89605,M,Poly Sci
50000,M,Poly Sci
40000,F,Poly Sci
163000,M,Poly Sci
58000,F,Poly Sci
146000,M,Poly Sci
75000,F,Poly Sci
395000,M,Poly Sci
84000,F,Poly Sci
89000,M,Poly Sci
140000,M,Poly Sci
114931,M,Poly Sci
55000,F,Poly Sci
110000,M,Poly Sci
18000,F,Poly Sci
52000,F,Poly Sci
40000,M,Poly Sci
75000,F,Poly Sci
72000,M,Poly Sci
77514,F,Poly Sci
50000,F,Poly Sci
25000,M,Poly Sci
30000,M,Poly Sci
78000,M,Poly Sci
180000,M,Poly Sci
500,M,Poly Sci
44000,M,Poly Sci
184000,M,Poly Sci
55000,M,Poly Sci
300000,M,Poly Sci
65000,M,Poly Sci
72500,F,Poly Sci
15000,F,Poly Sci
50000,M,Poly Sci
185000,M,Poly Sci
16000,M,Poly Sci
46000,F,Poly Sci
40000,F,Poly Sci
10500,M,Poly Sci
12000,F,Poly Sci
45760,M,Poly Sci
85000,F,Poly Sci
69006,F,Poly Sci
54800,M,Poly Sci
52300,M,Poly Sci
7252,M,Poly Sci
43000,M,Poly Sci
146000,M,Poly Sci
49000,M,Poly Sci
90000,M,Poly Sci
114000,F,Poly Sci
46000,M,Poly Sci
231000,M,Poly Sci
45000,F,Poly Sci
15000,F,Poly Sci
5000,F,Poly Sci
10000,M,Poly Sci
98000,M,Poly Sci
77000,M,Poly Sci
12000,M,Poly Sci
6000,M,Poly Sci
125000,F,Poly Sci
22000,F,Poly Sci
74000,M,Poly Sci
18000,F,Poly Sci
42000,M,Poly Sci
200000,M,Poly Sci
1027653,M,Poly Sci
1027653,M,Poly Sci
100000,M,Poly Sci
100000,F,Poly Sci
30000,F,Poly Sci
114000,M,Poly Sci
230000,M,Poly Sci
152000,F,Poly Sci
9600,M,Poly Sci
76000,M,Poly Sci
70000,M,Poly Sci
15600,M,Poly Sci
66500,F,Poly Sci
72000,F,Poly Sci
150000,M,Poly Sci
143000,F,Poly Sci
54000,F,Poly Sci
21250,F,Poly Sci
133000,F,Poly Sci
70000,F,Poly Sci
46000,F,Poly Sci
75000,M,Poly Sci
103000,M,Poly Sci
55000,F,Poly Sci
12000,F,Poly Sci
135000,F,Poly Sci
50000,F,Poly Sci
37000,M,Poly Sci
50000,M,Poly Sci
70000,M,Poly Sci
123336,F,Poly Sci
23000,F,Poly Sci
123000,F,Poly Sci
0,F,Poly Sci
44800,F,Poly Sci
83000,F,Poly Sci
40000,F,Poly Sci
75000,M,Poly Sci
100000,M,Poly Sci
98957,F,Poly Sci
61000,F,Poly Sci
60000,F,Poly Sci
150000,F,Poly Sci
39000,F,Poly Sci
34500,F,Poly Sci
100000,M,Poly Sci
60000,F,Poly Sci
8500,M,Poly Sci
55000,F,Poly Sci
155000,M,Poly Sci
51000,F,Poly Sci
47476,F,Poly Sci
82000,M,Poly Sci
56000,M,Poly Sci
42500,F,Poly Sci
13000,F,Poly Sci
25000,F,Poly Sci
38000,F,Poly Sci
96000,F,Poly Sci
71000,M,Poly Sci
100000,F,Poly Sci
10000,M,Poly Sci
65000,M,Poly Sci
93380,M,Poly Sci
60000,F,Poly Sci
120000,F,Poly Sci
12500,F,Poly Sci
46000,F,Poly Sci
38000,M,Poly Sci
130000,F,Poly Sci
85000,M,Poly Sci
54000,M,Poly Sci
250000,F,Poly Sci
75000,M,Poly Sci
26000,M,Poly Sci
47500,F,Poly Sci
6000,F,Poly Sci
103500,F,Poly Sci
21000,F,Poly Sci
125000,M,Poly Sci
50000,F,Poly Sci
70000,M,Poly Sci
60000,F,Poly Sci
85000,F,Poly Sci
120000,M,Poly Sci
110000,M,Poly Sci
62930,F,Poly Sci
66000,M,Poly Sci
92000,F,Poly Sci
85000,F,Poly Sci
33904,F,Poly Sci
95000,M,Poly Sci
89000,F,Poly Sci
25000,F,Poly Sci
90350,M,Poly Sci
35000,F,Poly Sci
107000,F,Poly Sci
115000,F,Poly Sci
90000,M,Poly Sci
110000,M,Poly Sci
200000,M,Poly Sci
54850,M,Poly Sci
1027653,F,Poly Sci
83000,F,Poly Sci
62000,F,Poly Sci
12500,M,Poly Sci
145000,M,Poly Sci
27000,F,Poly Sci
52000,F,Poly Sci
98000,F,Poly Sci
103000,F,Poly Sci
90000,F,Poly Sci
68000,F,Poly Sci
140000,F,Poly Sci
62000,F,Poly Sci
66510,M,Poly Sci
50000,F,Poly Sci
17000,F,Poly Sci
87550,M,Poly Sci
45000,F,Poly Sci
171000,F,Poly Sci
65000,M,Poly Sci
105000,F,Poly Sci
85000,M,Poly Sci
52000,F,Poly Sci
300000,F,Poly Sci
80000,M,Poly Sci
370000,F,Poly Sci
124000,M,Poly Sci
205000,M,Poly Sci
145000,M,Poly Sci
50000,M,Poly Sci
175000,M,Poly Sci
30000,M,Poly Sci
1500,F,Poly Sci
82000,F,Poly Sci
345000,F,Poly Sci
60000,M,Poly Sci
53000,M,Poly Sci
75000,F,Poly Sci
72000,F,Poly Sci
65000,F,Poly Sci
105000,F,Poly Sci
60000,M,Poly Sci
8000,F,Poly Sci
150000,F,Poly Sci
48000,F,Poly Sci
80000,F,Poly Sci
200000,M,Poly Sci
24000,F,Poly Sci
80000,F,Poly Sci
130000,M,Poly Sci
67000,F,Poly Sci
150000,M,Poly Sci
80000,F,Poly Sci
50000,M,Poly Sci
707,M,Poly Sci
52000,F,Poly Sci
110250,F,Poly Sci
63000,F,Poly Sci
130000,F,Poly Sci
30000,M,Poly Sci
71000,M,Poly Sci
30000,M,Poly Sci
59000,F,Poly Sci
72828,M,Poly Sci
300000,F,Poly Sci
44000,F,Poly Sci
95000,F,Poly Sci
144000,F,Poly Sci
75000,F,Poly Sci
19000,M,Poly Sci
45700,F,Poly Sci
72500,M,Poly Sci
65110,M,Poly Sci
73500,F,Poly Sci
3000,F,Poly Sci
50149,M,Poly Sci
68000,M,Poly Sci
123735,M,Poly Sci
55000,M,Poly Sci
60000,M,Poly Sci
140000,M,Poly Sci
45000,M,Poly Sci
3000,F,Poly Sci
150000,M,Poly Sci
170000,F,Poly Sci
95000,F,Poly Sci
85000,M,Poly Sci
12750,F,Poly Sci
75000,F,Poly Sci
73000,F,Poly Sci
60000,F,Poly Sci
15000,F,Poly Sci
55000,F,Poly Sci
72000,M,Poly Sci
40000,M,Poly Sci
62000,F,Poly Sci
92000,M,Poly Sci
75000,F,Poly Sci
300000,F,Poly Sci
76000,F,Poly Sci
58500,M,Poly Sci
30000,F,Poly Sci
158000,F,Poly Sci
56000,M,Poly Sci
52000,M,Poly Sci
20000,M,Poly Sci
87000,M,Poly Sci
85000,F,Poly Sci
100000,M,Poly Sci
52000,F,Poly Sci
176000,F,Poly Sci
160000,F,Poly Sci
72000,F,Poly Sci
7000,M,Poly Sci
60000,F,Poly Sci
46000,F,Poly Sci
75000,F,Poly Sci
40000,M,Poly Sci
98000,F,Poly Sci
38400,F,Poly Sci
167000,M,Poly Sci
70000,F,Poly Sci
80000,F,Poly Sci
60000,M,Poly Sci
130000,F,Poly Sci
83000,F,Poly Sci
50000,M,Poly Sci
20000,F,Poly Sci
90000,F,Poly Sci
146300,F,Poly Sci
104000,F,Poly Sci
93000,F,Poly Sci
50000,F,Poly Sci
42000,M,Poly Sci
160000,M,Poly Sci
989961,M,Poly Sci
30000,M,Poly Sci
50000,F,Poly Sci
113000,F,Poly Sci
80000,F,Poly Sci
70000,M,Poly Sci
989961,M,Poly Sci
100000,F,Poly Sci
112000,M,Poly Sci
140000,F,Poly Sci
19000,F,Poly Sci
28000,M,Poly Sci
62500,M,Poly Sci
50000,M,Poly Sci
130000,M,Poly Sci
36000,F,Poly Sci
30000,M,Poly Sci
50000,F,Poly Sci
30000,M,Poly Sci
58000,M,Poly Sci
75000,M,Poly Sci
28600,M,Poly Sci
75000,M,Poly Sci
2400,F,Poly Sci
0,M,Poly Sci
5000,M,Poly Sci
145000,F,Poly Sci
78500,M,Poly Sci
190000,M,Poly Sci
70000,F,Poly Sci
88000,M,Poly Sci
142000,F,Poly Sci
40000,F,Poly Sci
38300,F,Poly Sci
38000,M,Poly Sci
30000,F,Poly Sci
250000,F,Poly Sci
125000,M,Poly Sci
12480,F,Poly Sci
57000,F,Poly Sci
85000,M,Poly Sci
26000,M,Poly Sci
55000,M,Poly Sci
989961,M,Poly Sci
72000,F,Poly Sci
10000,F,Poly Sci
55000,M,Poly Sci
140000,M,Poly Sci
18000,F,Poly Sci
55000,F,Poly Sci
4800,M,Poly Sci
98000,F,Poly Sci
65000,M,Poly Sci
73000,F,Poly Sci
100000,M,Poly Sci
95000,M,Poly Sci
300000,M,Poly Sci
58000,M,Poly Sci
90000,M,Poly Sci
130000,F,Poly Sci
24000,M,Poly Sci
75000,M,Poly Sci
48000,M,Poly Sci
145000,M,Poly Sci
1000,F,Poly Sci
96000,F,Poly Sci
8000,F,Poly Sci
210000,M,Poly Sci
31000,M,Poly Sci
80000,M,Poly Sci
22500,F,Poly Sci
989961,M,Poly Sci
57200,M,Poly Sci
48000,F,Poly Sci
35000,M,Poly Sci
120000,F,Poly Sci
130000,M,Poly Sci
30000,M,Poly Sci
170000,M,Poly Sci
136000,M,Poly Sci
194000,F,Poly Sci
360000,M,Poly Sci
214000,M,Poly Sci
62500,M,Poly Sci
199000,M,Poly Sci
53000,M,Poly Sci
65000,F,Poly Sci
63000,F,Poly Sci
14500,F,Poly Sci
25000,M,Poly Sci
60000,M,Poly Sci
200000,M,Poly Sci
44000,F,Poly Sci
40000,F,Poly Sci
28500,M,Poly Sci
40000,F,Poly Sci
6400,M,Poly Sci
62000,M,Poly Sci
18000,M,Poly Sci
100000,M,Poly Sci
74000,F,Poly Sci
103000,M,Poly Sci
71000,F,Poly Sci
97000,F,Poly Sci
245000,F,Poly Sci
152681,F,Poly Sci
128000,M,Poly Sci
13572,M,Poly Sci
30000,F,Poly Sci
54000,F,Poly Sci
76000,M,Poly Sci
235000,F,Poly Sci
200000,F,Poly Sci
70000,M,Poly Sci
119000,M,Poly Sci
250000,M,Poly Sci
101116,M,Poly Sci
119000,M,Poly Sci
200000,M,Poly Sci
20000,M,Poly Sci
120000,M,Poly Sci
48000,M,Poly Sci
45600,M,Poly Sci
42000,M,Poly Sci
125000,M,Poly Sci
143000,M,Poly Sci
66000,F,Poly Sci
208000,M,Poly Sci
58000,M,Poly Sci
30000,F,Poly Sci
88000,F,Poly Sci
160000,M,Poly Sci
90000,M,Poly Sci
80000,F,Poly Sci
88000,F,Poly Sci
21000,F,Poly Sci
75000,M,Poly Sci
47000,F,Poly Sci
1000,F,Poly Sci
175000,M,Poly Sci
89000,M,Poly Sci
136000,M,Poly Sci
30000,F,Poly Sci
32600,M,Poly Sci
130000,F,Poly Sci
62500,F,Poly Sci
126988,F,Poly Sci
70000,M,Poly Sci
80000,F,Poly Sci
50000,M,Poly Sci
50000,F,Poly Sci
180000,M,Poly Sci
20000,F,Poly Sci
40000,F,Poly Sci
24000,M,Poly Sci
26000,M,Poly Sci
209000,F,Poly Sci
68000,M,Poly Sci
70096,F,Poly Sci
43000,F,Poly Sci
70000,F,Poly Sci
130000,M,Poly Sci
200000,F,Poly Sci
53000,M,Poly Sci
57000,M,Poly Sci
50000,M,Poly Sci
10000,M,Poly Sci
54500,M,Poly Sci
250000,F,Poly Sci
80000,M,Poly Sci
3000,M,Poly Sci
90000,F,Poly Sci
85000,M,Poly Sci
1000,M,Poly Sci
20000,F,Poly Sci
70000,M,Poly Sci
73000,M,Poly Sci
4800,F,Poly Sci
65000,M,Poly Sci
196000,M,Poly Sci
106000,F,Poly Sci
57500,F,Poly Sci
12000,F,Poly Sci
45000,F,Poly Sci
140000,F,Poly Sci
66500,F,Poly Sci
72900,M,Poly Sci
110000,M,Poly Sci
60900,F,Poly Sci
200000,M,Poly Sci
90000,M,Poly Sci
40000,M,Poly Sci
39800,F,Poly Sci
30000,F,Poly Sci
56000,F,Poly Sci
175000,M,Poly Sci
84263,M,Poly Sci
52000,F,Poly Sci
60000,F,Poly Sci
40000,F,Poly Sci
125000,M,Poly Sci
74000,F,Poly Sci
250000,M,Poly Sci
90000,F,Poly Sci
25000,M,Poly Sci
28000,F,Poly Sci
105000,F,Poly Sci
90000,M,Poly Sci
40000,F,Poly Sci
91000,M,Poly Sci
64000,M,Poly Sci
70000,F,Poly Sci
65000,M,Poly Sci
80000,M,Poly Sci
88000,M,Poly Sci
46500,M,Poly Sci
73000,F,Poly Sci
80000,M,Poly Sci
94000,M,Poly Sci
70000,F,Poly Sci
150000,F,Poly Sci
65000,M,Poly Sci
28920,F,Poly Sci
26000,M,Poly Sci
147000,F,Poly Sci
47000,F,Poly Sci
989961,M,Poly Sci
190000,M,Poly Sci
132000,M,Poly Sci
160000,M,Poly Sci
250000,M,Poly Sci
35000,F,Poly Sci
148000,F,Poly Sci
300000,M,Poly Sci
76000,M,Poly Sci
46000,M,Poly Sci
46000,M,Poly Sci
124000,F,Poly Sci
10000,M,Poly Sci
184000,F,Poly Sci
45988,F,Poly Sci
95000,F,Poly Sci
78500,F,Poly Sci
6000,F,Poly Sci
100,M,Poly Sci
190000,F,Poly Sci
120000,M,Poly Sci
91000,M,Poly Sci
63909,F,Poly Sci
80000,M,Poly Sci
68000,F,Poly Sci
11000,M,Poly Sci
30000,F,Poly Sci
135000,M,Poly Sci
989961,F,Poly Sci
106000,F,Poly Sci
81411,F,Poly Sci
40000,F,Poly Sci
76000,M,Poly Sci
44000,F,Poly Sci
300000,M,Poly Sci
54000,M,Poly Sci
320000,M,Poly Sci
62000,M,Poly Sci
5594,F,Poly Sci
250000,M,Poly Sci
170000,M,Poly Sci
38000,F,Poly Sci
92000,F,Poly Sci
135000,M,Poly Sci
100000,M,Poly Sci
60000,F,Poly Sci
40000,M,Poly Sci
67000,M,Poly Sci
21000,M,Poly Sci
178000,M,Poly Sci
4000,M,Poly Sci
107000,M,Poly Sci
63000,F,Poly Sci
62000,M,Poly Sci
36000,M,Poly Sci
104000,F,Poly Sci
30000,M,Poly Sci
45000,M,Poly Sci
85000,F,Poly Sci
67000,F,Poly Sci
41000,M,Poly Sci
13560,M,Poly Sci
13000,F,Poly Sci
300000,M,Poly Sci
77750,F,Poly Sci
117000,F,Poly Sci
6000,F,Poly Sci
40000,F,Poly Sci
74000,F,Poly Sci
36000,F,Poly Sci
35000,M,Poly Sci
220000,M,Poly Sci
65000,M,Poly Sci
70000,F,Poly Sci
160000,F,Poly Sci
62000,F,Poly Sci
43000,F,Poly Sci
200000,M,Poly Sci
101000,F,Poly Sci
108000,M,Poly Sci
80000,M,Poly Sci
170000,M,Poly Sci
55596,F,Poly Sci
75000,M,Poly Sci
68000,F,Poly Sci
16000,F,Poly Sci
123344,M,Poly Sci
170000,F,Poly Sci
55000,F,Poly Sci
230000,F,Poly Sci
10000,F,Poly Sci
60000,M,Poly Sci
60000,F,Poly Sci
47000,F,Poly Sci
10000,M,Poly Sci
45000,M,Poly Sci
49500,F,Poly Sci
27000,F,Poly Sci
60000,F,Poly Sci
119000,M,Poly Sci
55000,F,Poly Sci
240000,M,Poly Sci
125000,M,Poly Sci
135000,F,Poly Sci
75000,F,Poly Sci
65000,F,Poly Sci
90000,M,Poly Sci
118000,F,Poly Sci
68000,M,Poly Sci
125000,M,Poly Sci
103000,F,Poly Sci
26000,F,Poly Sci
40000,F,Poly Sci
150000,F,Poly Sci
71000,M,Poly Sci
125000,F,Poly Sci
45000,F,Poly Sci
160000,F,Poly Sci
100000,M,Poly Sci
83500,M,Poly Sci
180000,M,Poly Sci
60600,M,Poly Sci
30000,M,Poly Sci
65000,F,Poly Sci
989961,M,Poly Sci
156000,M,Poly Sci
60000,M,Poly Sci
80000,M,Poly Sci
130000,M,Poly Sci
31200,F,Poly Sci
70000,M,Poly Sci
87000,M,Poly Sci
52000,M,Poly Sci
85000,M,Poly Sci
80000,M,Poly Sci
93000,M,Poly Sci
106000,F,Poly Sci
110000,M,Poly Sci
103000,F,Poly Sci
14876,F,Poly Sci
56000,F,Poly Sci
42000,M,Poly Sci
68000,M,Poly Sci
58000,F,Poly Sci
10500,M,Poly Sci
90000,M,Poly Sci
32720,M,Poly Sci
2340,M,Poly Sci
59000,F,Poly Sci
60000,M,Poly Sci
75000,F,Poly Sci
100000,F,Poly Sci
49000,F,Poly Sci
225000,F,Poly Sci
85000,M,Poly Sci
55000,M,Poly Sci
60000,F,Poly Sci
45000,M,Poly Sci
115000,M,Poly Sci
73000,F,Poly Sci
60000,M,Poly Sci
155000,F,Poly Sci
28000,F,Poly Sci
47500,F,Poly Sci
81000,M,Poly Sci
38000,M,Poly Sci
140000,M,Poly Sci
150000,F,Poly Sci
90000,M,Poly Sci
113000,M,Poly Sci
95000,F,Poly Sci
85000,F,Poly Sci
55000,F,Poly Sci
90023,F,Poly Sci
50000,F,Poly Sci
40000,M,Poly Sci
300000,M,Poly Sci
92000,F,Poly Sci
60000,F,Poly Sci
42000,F,Poly Sci
96000,F,Poly Sci
63000,F,Poly Sci
40000,F,Poly Sci
119000,F,Poly Sci
95000,M,Poly Sci
233000,F,Poly Sci
25000,M,Poly Sci
55000,M,Poly Sci
44800,M,Poly Sci
53000,M,Poly Sci
78000,M,Poly Sci
65000,F,Poly Sci
59985,F,Poly Sci
98000,M,Poly Sci
60000,F,Poly Sci
10000,F,Poly Sci
44321,F,Poly Sci
100000,M,Poly Sci
60000,F,Poly Sci
300000,F,Poly Sci
43000,F,Poly Sci
1500,F,Poly Sci
130000,M,Poly Sci
58000,M,Poly Sci
120000,M,Poly Sci
50000,M,Poly Sci
185000,M,Poly Sci
103000,M,Poly Sci
74500,F,Poly Sci
46000,F,Poly Sci
28000,M,Poly Sci
37000,M,Poly Sci
50000,F,Poly Sci
43000,F,Poly Sci
68000,M,Poly Sci
58000,F,Poly Sci
200000,F,Poly Sci
250000,F,Poly Sci
85000,F,Poly Sci
93000,M,Poly Sci
14000,F,Poly Sci
40000,F,Poly Sci
79720,F,Poly Sci
67000,M,Poly Sci
25000,F,Poly Sci
32000,M,Poly Sci
39000,F,Poly Sci
73000,F,Poly Sci
20000,F,Poly Sci
71000,M,Poly Sci
119000,M,Poly Sci
194000,F,Poly Sci
36000,M,Poly Sci
2500,M,Poly Sci
28000,F,Poly Sci
215000,F,Poly Sci
35000,M,Poly Sci
130000,M,Poly Sci
50000,F,Poly Sci
80000,F,Poly Sci
45000,M,Poly Sci
208080,M,Poly Sci
46000,M,Poly Sci
58000,F,Poly Sci
90000,F,Poly Sci
175000,M,Poly Sci
88500,M,Poly Sci
124000,M,Poly Sci
97000,F,Poly Sci
112000,M,Poly Sci
77500,M,Poly Sci
92000,F,Poly Sci
96000,M,Poly Sci
75000,F,Poly Sci
42000,F,Poly Sci
100000,M,Poly Sci
37000,M,Poly Sci
30695,M,Poly Sci
72500,M,Poly Sci
100000,F,Poly Sci
105000,M,Poly Sci
76500,F,Poly Sci
78000,F,Poly Sci
18500,F,Poly Sci
54000,F,Poly Sci
140000,F,Poly Sci
65000,M,Poly Sci
43000,M,Poly Sci
15288,M,Poly Sci
60000,F,Poly Sci
12000,M,Poly Sci
20000,M,Poly Sci
120000,F,Poly Sci
13000,M,Poly Sci
30000,M,Poly Sci
30000,F,Poly Sci
75000,M,Poly Sci
78000,F,Poly Sci
110000,M,Poly Sci
65000,F,Poly Sci
32000,F,Poly Sci
10000,F,Poly Sci
78000,F,Poly Sci
35000,M,Poly Sci
30000,F,Poly Sci
32000,F,Poly Sci
85000,F,Poly Sci
45300,M,Poly Sci
75000,F,Poly Sci
39000,F,Poly Sci
71000,F,Poly Sci
121000,M,Poly Sci
215000,M,Poly Sci
105000,M,Poly Sci
142200,M,Poly Sci
15000,F,Poly Sci
989961,M,Poly Sci
83000,F,Poly Sci
42000,F,Poly Sci
41000,F,Poly Sci
54000,F,Poly Sci
110000,F,Poly Sci
165000,F,Poly Sci
175000,F,Poly Sci
40000,M,Poly Sci
42000,F,Poly Sci
34000,M,Poly Sci
123000,F,Poly Sci
85000,F,Poly Sci
50000,F,Poly Sci
76000,F,Poly Sci
248500,M,Poly Sci
102000,M,Poly Sci
128000,M,Poly Sci
96000,F,Poly Sci
70000,M,Poly Sci
26000,M,Poly Sci
55000,M,Poly Sci
350000,M,Poly Sci
130000,M,Poly Sci
90000,F,Poly Sci
200000,F,Poly Sci
15000,F,Poly Sci
74000,F,Poly Sci
145000,M,Poly Sci
44000,F,Poly Sci
44350,M,Poly Sci
168000,F,Poly Sci
67000,M,Poly Sci
16615,F,Poly Sci
77500,M,Poly Sci
86000,F,Poly Sci
65000,F,Poly Sci
69000,F,Poly Sci
100000,M,Poly Sci
30000,M,Poly Sci
70000,F,Poly Sci
18000,M,Poly Sci
23000,F,Poly Sci
250000,M,Poly Sci
65000,M,Poly Sci
39000,F,Poly Sci
43000,M,Poly Sci
205000,F,Poly Sci
70000,M,Poly Sci
48000,M,Poly Sci
79000,F,Poly Sci
70000,M,Poly Sci
8000,M,Poly Sci
36000,F,Poly Sci
68000,F,Poly Sci
150000,M,Poly Sci
51750,M,Poly Sci
6000,M,Poly Sci
115000,M,Poly Sci
112000,M,Poly Sci
88365,F,Poly Sci
116740,F,Poly Sci
90000,M,Poly Sci
36000,M,Poly Sci
96000,F,Poly Sci
38000,F,Poly Sci
70000,M,Poly Sci
61000,M,Poly Sci
83000,M,Poly Sci
115000,M,Poly Sci
35000,F,Poly Sci
18000,F,Poly Sci
58000,F,Poly Sci
60000,F,Poly Sci
63000,M,Poly Sci
120000,M,Poly Sci
62000,F,Poly Sci
62400,F,Poly Sci
140000,M,Poly Sci
41600,F,Poly Sci
61500,F,Poly Sci
45000,M,Poly Sci
150000,M,Poly Sci
65000,M,Poly Sci
45000,F,Poly Sci
24000,M,Poly Sci
76000,F,Poly Sci
63000,F,Poly Sci
300000,M,Poly Sci
95000,F,Poly Sci
120000,M,Poly Sci
147000,M,Poly Sci
20000,M,Poly Sci
104000,M,Poly Sci
103000,M,Poly Sci
60000,M,Poly Sci
94000,F,Poly Sci
35000,M,Poly Sci
56000,F,Poly Sci
65000,M,Poly Sci
7200,M,Poly Sci
90000,F,Poly Sci
150000,M,Poly Sci
220000,M,Poly Sci
110000,M,Poly Sci
11000,M,Poly Sci
60000,M,Poly Sci
150000,M,Poly Sci
77000,M,Poly Sci
180000,M,Poly Sci
60000,M,Poly Sci
105000,M,Poly Sci
61000,M,Poly Sci
350,M,Poly Sci
110000,F,Poly Sci
37000,M,Poly Sci
50000,M,Poly Sci
33600,M,Poly Sci
104000,F,Poly Sci
78703,M,Poly Sci
140000,M,Poly Sci
85000,F,Poly Sci
78114,F,Poly Sci
74000,M,Poly Sci
67000,F,Poly Sci
24000,F,Poly Sci
8000,F,Poly Sci
50000,M,Poly Sci
290000,M,Poly Sci
50752,F,Poly Sci
30000,M,Poly Sci
60000,F,Poly Sci
47494,M,Poly Sci
15000,F,Poly Sci
149000,F,Poly Sci
75000,M,Poly Sci
150000,F,Poly Sci
10000,M,Poly Sci
49000,M,Poly Sci
230000,M,Poly Sci
80000,F,Poly Sci
76494,M,Poly Sci
70000,F,Poly Sci
25000,M,Poly Sci
50000,M,Poly Sci
88000,F,Poly Sci
69982,F,Poly Sci
90000,M,Poly Sci
150000,M,Poly Sci
10000,F,Poly Sci
27000,M,Poly Sci
56000,F,Poly Sci
42000,F,Poly Sci
52000,M,Poly Sci
52000,F,Poly Sci
31200,M,Poly Sci
60000,M,Poly Sci
90024,M,Poly Sci
70000,M,Poly Sci
165000,M,Poly Sci
110000,F,Poly Sci
12000,M,Poly Sci
55000,M,Poly Sci
137000,F,Poly Sci
38584,M,Poly Sci
120000,M,Poly Sci
62000,M,Poly Sci
0,F,Poly Sci
55000,M,Poly Sci
300000,M,Poly Sci
92000,F,Poly Sci
40000,M,Poly Sci
47000,F,Poly Sci
1875,F,Poly Sci
42000,M,Poly Sci
64000,M,Poly Sci
25000,F,Poly Sci
205000,M,Poly Sci
125000,M,Poly Sci
54000,M,Poly Sci
11950,M,Poly Sci
80000,M,Poly Sci
44000,M,Poly Sci
35000,F,Poly Sci
85000,F,Poly Sci
45000,F,Poly Sci
60000,M,Poly Sci
20000,F,Poly Sci
77000,M,Poly Sci
57000,M,Poly Sci
70000,F,Poly Sci
51000,F,Poly Sci
48000,M,Poly Sci
106000,F,Poly Sci
78000,M,Poly Sci
26000,F,Poly Sci
45700,M,Poly Sci
30000,F,Poly Sci
185000,M,Poly Sci
100,F,Poly Sci
28000,M,Poly Sci
57500,F,Poly Sci
87000,M,Poly Sci
45000,M,Poly Sci
145000,F,Poly Sci
112000,F,Poly Sci
148000,M,Poly Sci
36000,F,Poly Sci
100000,M,Poly Sci
36000,M,Poly Sci
343,F,Poly Sci
65000,F,Poly Sci
50000,M,Poly Sci
3000,M,Poly Sci
54000,F,Poly Sci
91500,F,Poly Sci
92500,F,Poly Sci
20000,M,Poly Sci
21000,M,Poly Sci
20000,M,Poly Sci
52500,M,Poly Sci
34000,M,Poly Sci
165000,F,Poly Sci
58700,F,Poly Sci
62000,M,Poly Sci
47500,F,Poly Sci
80000,M,Poly Sci
50000,M,Poly Sci
90000,M,Poly Sci
100000,M,Poly Sci
130000,M,Poly Sci
23000,M,Poly Sci
90000,M,Poly Sci
40000,M,Poly Sci
82000,F,Poly Sci
145629,M,Poly Sci
200000,M,Poly Sci
164100,F,Poly Sci
42000,F,Poly Sci
38000,F,Poly Sci
57000,M,Poly Sci
